"id","nameEn","nameRu","nameHy","descriptionEn","descriptionRu","descriptionHy","createdAt","updatedAt"
"22","Electrical Repair","Электроремонт","Էլեկտրական նորոգում","Fix electrical issues","Устранение электропроблем","Էլեկտրական խնդիրների լուծում","2026-01-29 14:40:29.701","2026-01-29 14:40:29.701"
"23","Socket Replacement","Замена розетки","Վարդակի փոխարինում","Replace power sockets","Замена розеток","Վարդակների փոխարինում","2026-01-29 14:40:29.701","2026-01-29 14:40:29.701"
"24","Switch Installation","Установка выключателя","Անջատիչի տեղադրում","Install switches","Установка выключателей","Անջատիչների տեղադրում","2026-01-29 14:40:29.701","2026-01-29 14:40:29.701"
"25","Lighting Installation","Установка освещения","Լուսավորման տեղադրում","Install lighting","Установка освещения","Լուսավորման տեղադրում","2026-01-29 14:40:29.701","2026-01-29 14:40:29.701"
"26","Plumbing Repair","Сантехнический ремонт","Սանտեխնիկայի նորոգում","Fix plumbing issues","Ремонт сантехники","Սանտեխնիկայի խնդիրների լուծում","2026-01-29 14:40:29.701","2026-01-29 14:40:29.701"
"27","Pipe Replacement","Замена труб","Խողովակի փոխարինում","Replace pipes","Замена труб","Խողովակների փոխարինում","2026-01-29 14:40:29.701","2026-01-29 14:40:29.701"
"28","Drain Cleaning","Чистка слива","Կոյուղու մաքրում","Clean blocked drains","Чистка засоров","Կոյուղու խցանման մաքրում","2026-01-29 14:40:29.701","2026-01-29 14:40:29.701"
"29","Faucet Replacement","Замена смесителя","Ծորակի փոխարինում","Replace faucets","Замена смесителей","Ծորակների փոխարինում","2026-01-29 14:40:29.701","2026-01-29 14:40:29.701"
"30","Door Repair","Ремонт двери","Դռան նորոգում","Fix doors","Ремонт дверей","Դռների նորոգում","2026-01-29 14:40:29.701","2026-01-29 14:40:29.701"
"31","Lock Replacement","Замена замка","Փականի փոխարինում","Replace locks","Замена замков","Փականների փոխարինում","2026-01-29 14:40:29.701","2026-01-29 14:40:29.701"
"32","Window Repair","Ремонт окна","Պատուհանի նորոգում","Fix windows","Ремонт окон","Պատուհանների նորոգում","2026-01-29 14:40:29.701","2026-01-29 14:40:29.701"
"33","Glass Replacement","Замена стекла","Ապակու փոխարինում","Replace broken glass","Замена стекла","Կոտրված ապակու փոխարինում","2026-01-29 14:40:29.701","2026-01-29 14:40:29.701"
"34","Furniture Assembly","Сборка мебели","Կահույքի հավաքում","Assemble furniture","Сборка мебели","Կահույքի հավաքում","2026-01-29 14:40:29.701","2026-01-29 14:40:29.701"
"35","Shelf Installation","Установка полки","Դարակի տեղադրում","Install shelves","Установка полок","Դարակների տեղադրում","2026-01-29 14:40:29.701","2026-01-29 14:40:29.701"
"36","TV Wall Mounting","Крепление ТВ","Հեռուստացույցի ամրացում","Mount TV on wall","Крепление телевизора","Հեռուստացույցի պատին ամրացում","2026-01-29 14:40:29.701","2026-01-29 14:40:29.701"
"37","Appliance Repair","Ремонт техники","Տեխնիկայի նորոգում","Fix home appliances","Ремонт бытовой техники","Կենցաղային տեխնիկայի նորոգում","2026-01-29 14:40:29.701","2026-01-29 14:40:29.701"
"38","Washing Machine Repair","Ремонт стиральной машины","Լվացքի մեքենայի նորոգում","Fix washing machines","Ремонт стиральных машин","Լվացքի մեքենաների նորոգում","2026-01-29 14:40:29.701","2026-01-29 14:40:29.701"
"39","Refrigerator Repair","Ремонт холодильника","Սառնարանի նորոգում","Fix refrigerators","Ремонт холодильников","Սառնարանների նորոգում","2026-01-29 14:40:29.701","2026-01-29 14:40:29.701"
"40","Oven Repair","Ремонт духовки","Ջեռոցի նորոգում","Fix ovens","Ремонт духовок","Ջեռոցների նորոգում","2026-01-29 14:40:29.701","2026-01-29 14:40:29.701"
"41","Air Conditioner Repair","Ремонт кондиционера","Կոնդիցիոների նորոգում","Fix air conditioners","Ремонт кондиционеров","Կոնդիցիոների նորոգում","2026-01-29 14:40:29.701","2026-01-29 14:40:29.701"
"42","Wall Painting","Покраска стен","Պատերի ներկում","Paint walls","Покраска стен","Պատերի ներկում","2026-01-29 14:40:29.701","2026-01-29 14:40:29.701"
"43","Ceiling Painting","Покраска потолка","Առաստաղի ներկում","Paint ceilings","Покраска потолка","Առաստաղների ներկում","2026-01-29 14:40:29.701","2026-01-29 14:40:29.701"
"44","Wallpaper Installation","Поклейка обоев","Պաստառի փակցում","Install wallpaper","Поклейка обоев","Պաստառների փակցում","2026-01-29 14:40:29.701","2026-01-29 14:40:29.701"
"45","Tile Repair","Ремонт плитки","Սալիկների նորոգում","Fix tiles","Ремонт плитки","Սալիկների նորոգում","2026-01-29 14:40:29.701","2026-01-29 14:40:29.701"
"46","Crack Repair","Ремонт трещин","Ճաքերի նորոգում","Fix wall cracks","Ремонт трещин","Պատի ճաքերի նորոգում","2026-01-29 14:40:29.701","2026-01-29 14:40:29.701"
"47","Mirror Installation","Установка зеркала","Հայելու տեղադրում","Install mirrors","Установка зеркал","Հայելու տեղադրում","2026-01-29 14:40:29.701","2026-01-29 14:40:29.701"
"48","Curtain Rod Installation","Установка карниза","Վարագույրի կարնիզի տեղադրում","Install curtain rods","Установка карниза","Կարնիզների տեղադրում","2026-01-29 14:40:29.701","2026-01-29 14:40:29.701"
"49","Fence Repair","Ремонт забора","Ցանկապատի նորոգում","Fix fences","Ремонт заборов","Ցանկապատերի նորոգում","2026-01-29 14:40:29.701","2026-01-29 14:40:29.701"
"50","Garage Door Repair","Ремонт гаражных ворот","Ավտոտնակի դռան նորոգում","Fix garage doors","Ремонт гаражных ворот","Ավտոտնակի դռների նորոգում","2026-01-29 14:40:29.701","2026-01-29 14:40:29.701"
"51","WiFi Setup","Настройка Wi-Fi","Wi-Fi կարգավորում","Setup home WiFi","Настройка Wi-Fi","Տնային Wi-Fi կարգավորում","2026-01-29 14:40:29.701","2026-01-29 14:40:29.701"
"52","Circuit Breaker Replacement","Замена автомата","Էլեկտրական ավտոմատի փոխարինում","Replace circuit breakers","Замена автоматов","Էլեկտրական ավտոմատների փոխարինում","2026-01-29 14:43:35.407","2026-01-29 14:43:35.407"
"53","Cable Laying","Прокладка кабеля","Մալուխի անցկացում","Lay electrical cables","Прокладка кабеля","Էլեկտրական մալուխների անցկացում","2026-01-29 14:43:35.407","2026-01-29 14:43:35.407"
"54","Water Heater Repair","Ремонт бойлера","Ջրատաքացուցիչի նորոգում","Fix water heaters","Ремонт бойлера","Ջրատաքացուցիչների նորոգում","2026-01-29 14:43:35.407","2026-01-29 14:43:35.407"
"55","Shower Installation","Установка душа","Ցնցուղի տեղադրում","Install showers","Установка душа","Ցնցուղի տեղադրում","2026-01-29 14:43:35.407","2026-01-29 14:43:35.407"
"56","Bathtub Repair","Ремонт ванны","Լոգարանի վերանորոգում","Fix bathtubs","Ремонт ванны","Լոգարանի նորոգում","2026-01-29 14:43:35.407","2026-01-29 14:43:35.407"
"57","Sink Installation","Установка раковины","Լվացարանի տեղադրում","Install sinks","Установка раковины","Լվացարանի տեղադրում","2026-01-29 14:43:35.407","2026-01-29 14:43:35.407"
"58","Water Filter Installation","Установка фильтра воды","Ջրի ֆիլտրի տեղադրում","Install water filters","Установка фильтра воды","Ջրի ֆիլտրի տեղադրում","2026-01-29 14:43:35.407","2026-01-29 14:43:35.407"
"59","Door Handle Replacement","Замена дверной ручки","Դռան բռնակի փոխարինում","Replace door handles","Замена дверных ручек","Դռան բռնակների փոխարինում","2026-01-29 14:43:35.407","2026-01-29 14:43:35.407"
"60","Door Closer Installation","Установка доводчика","Դռան փակիչի տեղադրում","Install door closers","Установка доводчика","Դռան փակիչի տեղադրում","2026-01-29 14:43:35.407","2026-01-29 14:43:35.407"
"61","Window Sealing","Герметизация окон","Պատուհանի հերմետիկացում","Seal window gaps","Герметизация окон","Պատուհանների հերմետիկացում","2026-01-29 14:43:35.407","2026-01-29 14:43:35.407"
"62","Mosquito Net Installation","Установка москитной сетки","Մոծակապաշտ ցանցի տեղադրում","Install mosquito nets","Установка москитной сетки","Մոծակապաշտ ցանցերի տեղադրում","2026-01-29 14:43:35.407","2026-01-29 14:43:35.407"
"63","Furniture Repair","Ремонт мебели","Կահույքի նորոգում","Fix damaged furniture","Ремонт мебели","Կահույքի նորոգում","2026-01-29 14:43:35.407","2026-01-29 14:43:35.407"
"64","Bed Assembly","Сборка кровати","Մահճակալի հավաքում","Assemble beds","Сборка кровати","Մահճակալների հավաքում","2026-01-29 14:43:35.407","2026-01-29 14:43:35.407"
"65","Wardrobe Assembly","Сборка шкафа","Պահարանի հավաքում","Assemble wardrobes","Сборка шкафа","Պահարանների հավաքում","2026-01-29 14:43:35.407","2026-01-29 14:43:35.407"
"66","Kitchen Cabinet Installation","Установка кухонных шкафов","Խոհանոցի պահարանների տեղադրում","Install kitchen cabinets","Установка кухонных шкафов","Խոհանոցի պահարանների տեղադրում","2026-01-29 14:43:35.407","2026-01-29 14:43:35.407"
"67","Cooktop Installation","Установка варочной панели","Եփման վահանակի տեղադրում","Install cooktops","Установка варочной панели","Եփման վահանակների տեղադրում","2026-01-29 14:43:35.407","2026-01-29 14:43:35.407"
"68","Range Hood Installation","Установка вытяжки","Օդաքաշի տեղադրում","Install range hoods","Установка вытяжки","Օդաքաշերի տեղադրում","2026-01-29 14:43:35.407","2026-01-29 14:43:35.407"
"69","Dryer Repair","Ремонт сушильной машины","Չորանոց մեքենայի նորոգում","Fix dryers","Ремонт сушильных машин","Չորանոց մեքենաների նորոգում","2026-01-29 14:43:35.407","2026-01-29 14:43:35.407"
"70","Intercom Installation","Установка домофона","Ինտերկոմի տեղադրում","Install intercoms","Установка домофона","Ինտերկոմների տեղադրում","2026-01-29 14:43:35.407","2026-01-29 14:43:35.407"
"71","Doorbell Installation","Установка дверного звонка","Դռան զանգի տեղադրում","Install doorbells","Установка дверного звонка","Դռան զանգերի տեղադրում","2026-01-29 14:43:35.407","2026-01-29 14:43:35.407"
"72","Router Installation","Установка роутера","Ռոուտերի տեղադրում","Install routers","Установка роутера","Ռոուտերների տեղադրում","2026-01-29 14:43:35.407","2026-01-29 14:43:35.407"
"73","Cable TV Setup","Подключение кабельного ТВ","Կաբելային TV միացում","Setup cable TV","Подключение кабельного ТВ","Կաբելային հեռուստատեսության միացում","2026-01-29 14:43:35.407","2026-01-29 14:43:35.407"
"74","Smart Device Setup","Настройка умных устройств","Խելացի սարքերի կարգավորում","Setup smart devices","Настройка умных устройств","Խելացի սարքերի կարգավորում","2026-01-29 14:43:35.407","2026-01-29 14:43:35.407"
"75","Smoke Detector Installation","Установка датчика дыма","Ծխի սենսորի տեղադրում","Install smoke detectors","Установка датчика дыма","Ծխի սենսորների տեղադրում","2026-01-29 14:43:35.407","2026-01-29 14:43:35.407"
"76","Power Outlet Relocation","Перенос розетки","Վարդակի տեղափոխում","Move power outlets","Перенос розеток","Վարդակների տեղափոխում","2026-01-29 14:45:28.639","2026-01-29 14:45:28.639"
"77","Grounding Installation","Установка заземления","Երկրացման տեղադրում","Install grounding","Установка заземления","Երկրացման տեղադրում","2026-01-29 14:45:28.639","2026-01-29 14:45:28.639"
"78","LED Strip Installation","Установка LED ленты","LED ժապավենի տեղադրում","Install LED strips","Установка LED ленты","LED ժապավենների տեղադրում","2026-01-29 14:45:28.639","2026-01-29 14:45:28.639"
"79","Water Pressure Adjustment","Регулировка давления воды","Ջրի ճնշման կարգավորում","Adjust water pressure","Регулировка давления воды","Ջրի ճնշման կարգավորում","2026-01-29 14:45:28.639","2026-01-29 14:45:28.639"
"80","Leak Detection","Поиск протечек","Արտահոսքի հայտնաբերում","Detect water leaks","Поиск протечек","Արտահոսքի հայտնաբերում","2026-01-29 14:45:28.639","2026-01-29 14:45:28.639"
"81","Radiator Repair","Ремонт радиатора","Ռադիատորի նորոգում","Fix heating radiators","Ремонт радиаторов","Ռադիատորների նորոգում","2026-01-29 14:45:28.639","2026-01-29 14:45:28.639"
"82","Radiator Installation","Установка радиатора","Ռադիատորի տեղադրում","Install radiators","Установка радиатора","Ռադիատորների տեղադրում","2026-01-29 14:45:28.639","2026-01-29 14:45:28.639"
"83","Thermostat Installation","Установка термостата","Ջերմակարգավորիչի տեղադրում","Install thermostats","Установка термостата","Ջերմակարգավորիչների տեղադրում","2026-01-29 14:45:28.639","2026-01-29 14:45:28.639"
"84","Door Frame Repair","Ремонт дверной коробки","Դռան շրջանակի նորոգում","Fix door frames","Ремонт дверной коробки","Դռան շրջանակների նորոգում","2026-01-29 14:45:28.639","2026-01-29 14:45:28.639"
"85","Sliding Door Repair","Ремонт раздвижной двери","Սահող դռան նորոգում","Fix sliding doors","Ремонт раздвижных дверей","Սահող դռների նորոգում","2026-01-29 14:45:28.639","2026-01-29 14:45:28.639"
"86","Window Handle Replacement","Замена оконной ручки","Պատուհանի բռնակի փոխարինում","Replace window handles","Замена оконной ручки","Պատուհանի բռնակների փոխարինում","2026-01-29 14:45:28.639","2026-01-29 14:45:28.639"
"87","Blind Installation","Установка жалюзи","Ժալյուզի տեղադրում","Install blinds","Установка жалюзи","Ժալյուզների տեղադրում","2026-01-29 14:45:28.639","2026-01-29 14:45:28.639"
"88","Cabinet Hinge Replacement","Замена петель шкафа","Պահարանի ծխնի փոխարինում","Replace cabinet hinges","Замена петель шкафа","Պահարանի ծխնիների փոխարինում","2026-01-29 14:45:28.639","2026-01-29 14:45:28.639"
"89","Drawer Repair","Ремонт ящика","Դարակի նորոգում","Fix drawers","Ремонт ящиков","Դարակների նորոգում","2026-01-29 14:45:28.639","2026-01-29 14:45:28.639"
"90","Countertop Repair","Ремонт столешницы","Աշխատասեղանի նորոգում","Fix countertops","Ремонт столешницы","Աշխատասեղանների նորոգում","2026-01-29 14:45:28.639","2026-01-29 14:45:28.639"
"91","Tile Replacement","Замена плитки","Սալիկի փոխարինում","Replace tiles","Замена плитки","Սալիկների փոխարինում","2026-01-29 14:45:28.639","2026-01-29 14:45:28.639"
"92","Grout Repair","Ремонт швов","Սալիկների կարերի նորոգում","Fix tile grout","Ремонт швов","Սալիկների կարերի նորոգում","2026-01-29 14:45:28.639","2026-01-29 14:45:28.639"
"93","Laminate Repair","Ремонт ламината","Լամինատի նորոգում","Fix laminate floors","Ремонт ламината","Լամինատ հատակի նորոգում","2026-01-29 14:45:28.639","2026-01-29 14:45:28.639"
"94","Baseboard Installation","Установка плинтуса","Պլինտուսի տեղադրում","Install baseboards","Установка плинтуса","Պլինտուսների տեղադրում","2026-01-29 14:45:28.639","2026-01-29 14:45:28.639"
"95","Soundproofing Installation","Установка шумоизоляции","Ձայնամեկուսացման տեղադրում","Install soundproofing","Установка шумоизоляции","Ձայնամեկուսացման տեղադրում","2026-01-29 14:45:28.639","2026-01-29 14:45:28.639"
"96","Vent Cleaning","Чистка вентиляции","Օդափոխության մաքրում","Clean ventilation ducts","Чистка вентиляции","Օդափոխության մաքրում","2026-01-29 14:45:28.639","2026-01-29 14:45:28.639"
"97","Exhaust Fan Installation","Установка вентилятора","Օդափոխիչի տեղադրում","Install exhaust fans","Установка вентилятора","Օդափոխիչների տեղադրում","2026-01-29 14:45:28.639","2026-01-29 14:45:28.639"
"98","Water Meter Installation","Установка водомера","Ջրաչափի տեղադրում","Install water meters","Установка водомера","Ջրաչափերի տեղադրում","2026-01-29 14:45:28.639","2026-01-29 14:45:28.639"
"99","Gas Stove Connection","Подключение газовой плиты","Գազօջախի միացում","Connect gas stoves","Подключение газовой плиты","Գազօջախների միացում","2026-01-29 14:45:28.639","2026-01-29 14:45:28.639"
"100","Mailbox Installation","Установка почтового ящика","Փոստարկղի տեղադրում","Install mailboxes","Установка почтового ящика","Փոստարկղերի տեղադրում","2026-01-29 14:45:28.639","2026-01-29 14:45:28.639"
"101","House Number Installation","Установка номера дома","Տան համարի տեղադրում","Install house numbers","Установка номера дома","Տան համարների տեղադրում","2026-01-29 14:45:28.639","2026-01-29 14:45:28.639"
"102","Electrical Inspection","Проверка электрики","Էլեկտրական ստուգում","Inspect electrical systems","Проверка электросети","Էլեկտրական համակարգի ստուգում","2026-01-29 14:46:24.791","2026-01-29 14:46:24.791"
"103","Surge Protector Installation","Установка стабилизатора","Լարման կայունացուցիչի տեղադրում","Install surge protectors","Установка стабилизатора","Լարման կայունացուցիչների տեղադրում","2026-01-29 14:46:24.791","2026-01-29 14:46:24.791"
"104","Extension Socket Installation","Установка удлинителя","Երկարացուցիչի տեղադրում","Install extension sockets","Установка удлинителя","Երկարացուցիչների տեղադրում","2026-01-29 14:46:24.791","2026-01-29 14:46:24.791"
"105","Underfloor Heating Repair","Ремонт теплого пола","Տաք հատակի նորոգում","Fix floor heating","Ремонт теплого пола","Տաք հատակի նորոգում","2026-01-29 14:46:24.791","2026-01-29 14:46:24.791"
"106","Boiler Installation","Установка котла","Կաթսայի տեղադրում","Install boilers","Установка котла","Կաթսաների տեղադրում","2026-01-29 14:46:24.791","2026-01-29 14:46:24.791"
"107","Boiler Maintenance","Обслуживание котла","Կաթսայի սպասարկում","Service boilers","Обслуживание котла","Կաթսայի սպասարկում","2026-01-29 14:46:24.791","2026-01-29 14:46:24.791"
"108","Pressure Valve Replacement","Замена клапана давления","Ճնշման փականի փոխարինում","Replace pressure valves","Замена клапана давления","Ճնշման փականների փոխարինում","2026-01-29 14:46:24.791","2026-01-29 14:46:24.791"
"109","Sewer Inspection","Проверка канализации","Կոյուղու ստուգում","Inspect sewer lines","Проверка канализации","Կոյուղու համակարգի ստուգում","2026-01-29 14:46:24.791","2026-01-29 14:46:24.791"
"110","Toilet Installation","Установка унитаза","Զուգարանի տեղադրում","Install toilets","Установка унитаза","Զուգարանների տեղադրում","2026-01-29 14:46:24.791","2026-01-29 14:46:24.791"
"111","Bidet Installation","Установка биде","Բիդեի տեղադրում","Install bidets","Установка биде","Բիդեների տեղադրում","2026-01-29 14:46:24.791","2026-01-29 14:46:24.791"
"112","Shower Cabin Installation","Установка душевой кабины","Ցնցուղախցիկի տեղադրում","Install shower cabins","Установка душевой кабины","Ցնցուղախցիկների տեղադրում","2026-01-29 14:46:24.791","2026-01-29 14:46:24.791"
"113","Bathroom Silicone Sealing","Герметизация ванной","Լոգարանի սիլիկոնում","Seal bathroom joints","Герметизация ванной","Լոգարանի կարերի սիլիկոնում","2026-01-29 14:46:24.791","2026-01-29 14:46:24.791"
"114","Kitchen Sink Repair","Ремонт кухонной раковины","Խոհանոցի լվացարանի նորոգում","Fix kitchen sinks","Ремонт кухонной раковины","Խոհանոցի լվացարանի նորոգում","2026-01-29 14:46:24.791","2026-01-29 14:46:24.791"
"115","Garbage Disposal Installation","Установка измельчителя","Թափոնախառնիչի տեղադրում","Install disposals","Установка измельчителя","Թափոնախառնիչների տեղադրում","2026-01-29 14:46:24.791","2026-01-29 14:46:24.791"
"116","Door Threshold Installation","Установка порога","Դռան շեմի տեղադրում","Install door thresholds","Установка порога","Դռան շեմերի տեղադրում","2026-01-29 14:46:24.791","2026-01-29 14:46:24.791"
"117","Floor Leveling","Выравнивание пола","Հատակի հարթեցում","Level floors","Выравнивание пола","Հատակի հարթեցում","2026-01-29 14:46:24.791","2026-01-29 14:46:24.791"
"118","Parquet Repair","Ремонт паркета","Պարկետի նորոգում","Fix parquet floors","Ремонт паркета","Պարկետի նորոգում","2026-01-29 14:46:24.791","2026-01-29 14:46:24.791"
"119","Carpet Installation","Укладка ковролина","Գորգածածկի տեղադրում","Install carpets","Укладка ковролина","Գորգածածկի տեղադրում","2026-01-29 14:46:24.791","2026-01-29 14:46:24.791"
"120","Floor Skirting Repair","Ремонт плинтуса","Պլինտուսի նորոգում","Fix floor skirting","Ремонт плинтуса","Պլինտուսների նորոգում","2026-01-29 14:46:24.791","2026-01-29 14:46:24.791"
"121","Wall Panel Installation","Монтаж стеновых панелей","Պատի վահանակների տեղադրում","Install wall panels","Монтаж стеновых панелей","Պատի վահանակների տեղադրում","2026-01-29 14:46:24.791","2026-01-29 14:46:24.791"
"122","Drywall Repair","Ремонт гипсокартона","Գիպսաստվարաթղթի նորոգում","Fix drywall","Ремонт гипсокартона","Գիպսաստվարաթղթի նորոգում","2026-01-29 14:46:24.791","2026-01-29 14:46:24.791"
"123","Drywall Installation","Монтаж гипсокартона","Գիպսաստվարաթղթի տեղադրում","Install drywall","Монтаж гипсокартона","Գիպսաստվարաթղթի տեղադրում","2026-01-29 14:46:24.791","2026-01-29 14:46:24.791"
"124","Ceiling Crack Repair","Ремонт трещин потолка","Առաստաղի ճաքերի նորոգում","Fix ceiling cracks","Ремонт трещин потолка","Առաստաղի ճաքերի նորոգում","2026-01-29 14:46:24.791","2026-01-29 14:46:24.791"
"125","Roof Leak Repair","Ремонт протечки крыши","Տանիքի արտահոսքի նորոգում","Fix roof leaks","Ремонт протечки крыши","Տանիքի արտահոսքի նորոգում","2026-01-29 14:46:24.791","2026-01-29 14:46:24.791"
"126","Gutter Cleaning","Чистка водостока","Ջրահեռացման մաքրում","Clean gutters","Чистка водостока","Ջրահեռացման մաքրում","2026-01-29 14:46:24.791","2026-01-29 14:46:24.791"
"127","Attic Insulation Installation","Утепление чердака","Ձեղնահարկի ջերմամեկուսացում","Install attic insulation","Утепление чердака","Ձեղնահարկի ջերմամեկուսացում","2026-01-29 14:46:24.791","2026-01-29 14:46:24.791"
"128","Awning Installation","Установка навеса","Ծածկի տեղադրում","Install awnings","Установка навеса","Ծածկերի տեղադրում","2026-01-29 14:46:24.791","2026-01-29 14:46:24.791"
"129","Haircut","Стрижка","Սանրվածք","Cut hair","Стрижка волос","Մազերի կտրում","2026-01-29 14:47:37.265","2026-01-29 14:47:37.265"
"130","Hair Styling","Укладка волос","Մազերի հարդարում","Style hair","Укладка волос","Մազերի հարդարում","2026-01-29 14:47:37.265","2026-01-29 14:47:37.265"
"131","Hair Coloring","Окрашивание волос","Մազերի ներկում","Color hair","Окрашивание волос","Մազերի ներկում","2026-01-29 14:47:37.265","2026-01-29 14:47:37.265"
"132","Root Coloring","Окрашивание корней","Արմատների ներկում","Color hair roots","Окрашивание корней","Մազերի արմատների ներկում","2026-01-29 14:47:37.265","2026-01-29 14:47:37.265"
"133","Hair Toner","Тонирование волос","Մազերի տոնավորում","Tone hair color","Тонирование волос","Մազերի տոնավորում","2026-01-29 14:47:37.265","2026-01-29 14:47:37.265"
"134","Blow Dry","Укладка феном","Ֆենով հարդարում","Blow dry hair","Укладка феном","Ֆենով հարդարում","2026-01-29 14:47:37.265","2026-01-29 14:47:37.265"
"135","Hair Treatment","Уход за волосами","Մազերի խնամք","Hair care treatment","Уход за волосами","Մազերի խնամք","2026-01-29 14:47:37.265","2026-01-29 14:47:37.265"
"136","Scalp Treatment","Уход за кожей головы","Գլխամաշկի խնամք","Scalp care","Уход за кожей головы","Գլխամաշկի խնամք","2026-01-29 14:47:37.265","2026-01-29 14:47:37.265"
"137","Beard Trim","Коррекция бороды","Մորուքի հարդարում","Trim beard","Коррекция бороды","Մորուքի հարդարում","2026-01-29 14:47:37.265","2026-01-29 14:47:37.265"
"138","Beard Shaping","Моделирование бороды","Մորուքի ձևավորում","Shape beard","Моделирование бороды","Մորուքի ձևավորում","2026-01-29 14:47:37.265","2026-01-29 14:47:37.265"
"139","Manicure","Маникюр","Մատնահարդարում","Nail manicure","Маникюр","Մատնահարդարում","2026-01-29 14:47:37.265","2026-01-29 14:47:37.265"
"140","Pedicure","Педикюр","Ոտնահարդարում","Foot pedicure","Педикюр","Ոտնահարդարում","2026-01-29 14:47:37.265","2026-01-29 14:47:37.265"
"141","Gel Manicure","Гель маникюр","Գել մատնահարդարում","Gel manicure","Гель маникюр","Գել մատնահարդարում","2026-01-29 14:47:37.265","2026-01-29 14:47:37.265"
"142","Nail Extension","Наращивание ногтей","Եղունգների երկարացում","Extend nails","Наращивание ногтей","Եղունգների երկարացում","2026-01-29 14:47:37.265","2026-01-29 14:47:37.265"
"143","Nail Repair","Ремонт ногтей","Եղունգի նորոգում","Fix broken nails","Ремонт ногтей","Եղունգների նորոգում","2026-01-29 14:47:37.265","2026-01-29 14:47:37.265"
"144","Nail Design","Дизайн ногтей","Եղունգների դիզայն","Decorate nails","Дизайн ногтей","Եղունգների ձևավորում","2026-01-29 14:47:37.265","2026-01-29 14:47:37.265"
"145","Eyebrow Shaping","Коррекция бровей","Հոնքերի ձևավորում","Shape eyebrows","Коррекция бровей","Հոնքերի ձևավորում","2026-01-29 14:47:37.265","2026-01-29 14:47:37.265"
"146","Eyebrow Coloring","Окрашивание бровей","Հոնքերի ներկում","Color eyebrows","Окрашивание бровей","Հոնքերի ներկում","2026-01-29 14:47:37.265","2026-01-29 14:47:37.265"
"147","Eyelash Tinting","Окрашивание ресниц","Թարթիչների ներկում","Tint eyelashes","Окрашивание ресниц","Թարթիչների ներկում","2026-01-29 14:47:37.265","2026-01-29 14:47:37.265"
"148","Eyelash Lifting","Ламинирование ресниц","Թարթիչների լամինացիա","Lift eyelashes","Ламинирование ресниц","Թարթիչների լամինացիա","2026-01-29 14:47:37.265","2026-01-29 14:47:37.265"
"149","Eyelash Extension","Наращивание ресниц","Թարթիչների երկարացում","Extend eyelashes","Наращивание ресниц","Թարթիչների երկարացում","2026-01-29 14:47:37.265","2026-01-29 14:47:37.265"
"150","Facial Cleaning","Чистка лица","Դեմքի մաքրում","Clean facial skin","Чистка лица","Դեմքի մաքրում","2026-01-29 14:47:37.265","2026-01-29 14:47:37.265"
"151","Facial Massage","Массаж лица","Դեմքի մերսում","Massage face","Массаж лица","Դեմքի մերսում","2026-01-29 14:47:37.265","2026-01-29 14:47:37.265"
"152","Face Mask Application","Нанесение маски","Դիմակի կիրառություն","Apply face mask","Нанесение маски","Դիմակի կիրառություն","2026-01-29 14:47:37.265","2026-01-29 14:47:37.265"
"153","Skin Care Treatment","Уход за кожей","Մաշկի խնամք","Skin care treatment","Уход за кожей","Մաշկի խնամք","2026-01-29 14:47:37.265","2026-01-29 14:47:37.265"
"154","Makeup","Макияж","Շպարում","Apply makeup","Макияж","Շպարում","2026-01-29 14:47:37.265","2026-01-29 14:47:37.265"
"155","Evening Makeup","Вечерний макияж","Երեկոյան շպարում","Evening makeup","Вечерний макияж","Երեկոյան շպարում","2026-01-29 14:47:37.265","2026-01-29 14:47:37.265"
"156","Bridal Makeup","Свадебный макияж","Հարսանեկան շպարում","Bridal makeup","Свадебный макияж","Հարսանեկան շպարում","2026-01-29 14:47:37.265","2026-01-29 14:47:37.265"
"157","Waxing Legs","Восковая депиляция ног","Գոտկատեղի մոմահանում","Wax leg hair","Восковая депиляция ног","Բազկաթաթի մոմահանում","2026-01-29 14:48:34.357","2026-01-29 14:48:34.357"
"158","Waxing Arms","Восковая депиляция рук","Ձեռքերի մոմահանում","Wax arm hair","Восковая депиляция рук","Ձեռքերի մոմահանում","2026-01-29 14:48:34.357","2026-01-29 14:48:34.357"
"159","Waxing Underarms","Восковая депиляция подмышек","Դիմացի մոմահանում","Wax underarms","Восковая депиляция подмышек","Դիմացի մոմահանում","2026-01-29 14:48:34.357","2026-01-29 14:48:34.357"
"160","Waxing Bikini","Восковая депиляция бикини","Բիկինի մոմահանում","Wax bikini area","Восковая депиляция бикини","Բիկինի մոմահանում","2026-01-29 14:48:34.357","2026-01-29 14:48:34.357"
"161","Waxing Face","Восковая депиляция лица","Դեմքի մոմահանում","Wax facial hair","Восковая депиляция лица","Դեմքի մոմահանում","2026-01-29 14:48:34.357","2026-01-29 14:48:34.357"
"162","Sugaring","Суггари","Շուգարինգ","Hair removal by sugar paste","Суггари","Շուգարինգ","2026-01-29 14:48:34.357","2026-01-29 14:48:34.357"
"163","Threading Eyebrows","Коррекция бровей ниткой","Հոնքերի ձողի ձևավորում","Eyebrow shaping by threading","Коррекция бровей ниткой","Հոնքերի ձողի ձևավորում","2026-01-29 14:48:34.357","2026-01-29 14:48:34.357"
"164","Threading Upper Lip","Коррекция верхней губы ниткой","Վերին շրթունքի ձողի ձևավորում","Upper lip threading","Коррекция верхней губы ниткой","Վերին շրթունքի ձողի ձևավորում","2026-01-29 14:48:34.357","2026-01-29 14:48:34.357"
"165","Microblading","Микроблейдинг","Միկրոբլեյդինգ","Semi-permanent eyebrow tattoo","Микроблейдинг","Միկրոբլեյդինգ","2026-01-29 14:48:34.357","2026-01-29 14:48:34.357"
"166","Eyelash Lamination","Ламинирование ресниц","Թարթիչների լամինացում","Lash lamination treatment","Ламинирование ресниц","Թարթիչների լամինացում","2026-01-29 14:48:34.357","2026-01-29 14:48:34.357"
"167","Eyelash Tint","Окрашивание ресниц","Թարթիչների ներկում","Tint eyelashes","Окрашивание ресниц","Թարթիչների ներկում","2026-01-29 14:48:34.357","2026-01-29 14:48:34.357"
"168","Brow Tint","Окрашивание бровей","Հոնքերի ներկում","Tint eyebrows","Окрашивание бровей","Հոնքերի ներկում","2026-01-29 14:48:34.357","2026-01-29 14:48:34.357"
"169","Chemical Peel","Химический пилинг","Քիմիական պիլինգ","Chemical facial peel","Химический пилинг","Քիմիական դեմքի պիլինգ","2026-01-29 14:48:34.357","2026-01-29 14:48:34.357"
"170","Enzyme Peel","Энзимный пилинг","Էնզիմային պիլինգ","Enzyme facial peel","Энзимный пилинг","Էնզիմային դեմքի պիլինգ","2026-01-29 14:48:34.357","2026-01-29 14:48:34.357"
"171","Microdermabrasion","Микродермабразия","Միկրոդերմաբրազիա","Exfoliating facial treatment","Микродермабразия","Միկրոդերմաբրազիա","2026-01-29 14:48:34.357","2026-01-29 14:48:34.357"
"172","Dermaplaning","Дермопланинг","Դերմոպլանինգ","Remove dead skin & peach fuzz","Дермопланинг","Մեռած մաշկի ու թարթիչների հեռացում","2026-01-29 14:48:34.357","2026-01-29 14:48:34.357"
"173","LED Facial","LED уход за лицом","LED դեմքի խնամք","LED light facial treatment","LED уход за лицом","LED դեմքի խնամք","2026-01-29 14:48:34.357","2026-01-29 14:48:34.357"
"174","Massage Facial","Массаж лица","Դեմքի մերսում","Facial massage","Массаж лица","Դեմքի մերսում","2026-01-29 14:48:34.357","2026-01-29 14:48:34.357"
"175","Acne Treatment","Лечение акне","Մաշկի հանածուկ բուժում","Treat acne spots","Лечение акне","Մաշկի պզուկների բուժում","2026-01-29 14:48:34.357","2026-01-29 14:48:34.357"
"176","Hydrating Facial","Увлажняющая процедура","Ջրային դեմքի խնամք","Moisturizing facial","Увлажняющая процедура","Ջրային դեմքի խնամք","2026-01-29 14:48:34.357","2026-01-29 14:48:34.357"
"177","Brightening Facial","Отбеливающая процедура","Լուսավորիչ դեմքի խնամք","Brighten skin","Отбеливающая процедура","Մաշկի լուսավորություն","2026-01-29 14:48:34.357","2026-01-29 14:48:34.357"
"178","Anti-aging Facial","Антивозрастная процедура","Մաշկի տարիքային խնամք","Reduce signs of aging","Антивозрастная процедура","Տարիքային նշանների նվազեցում","2026-01-29 14:48:34.357","2026-01-29 14:48:34.357"
"179","Hand Paraffin","Парафинотерапия рук","Ձեռքերի պարանոֆին","Paraffin hand treatment","Парафинотерапия рук","Ձեռքերի պարանոֆին","2026-01-29 14:48:34.357","2026-01-29 14:48:34.357"
"180","Foot Paraffin","Парафинотерапия ног","Ոտքերի պարանոֆին","Paraffin foot treatment","Парафинотерапия ног","Ոտքերի պարանոֆին","2026-01-29 14:48:34.357","2026-01-29 14:48:34.357"
"181","Makeup Consultation","Консультация по макияжу","Շպարի խորհրդատվություն","Makeup advice session","Консультация по макияжу","Շպարի խորհրդատվություն","2026-01-29 14:48:34.357","2026-01-29 14:48:34.357"
"182","Bridal Hair","Свадебная прическа","Հարսանեկան սանրվածք","Wedding hair styling","Свадебная прическа","Հարսանեկան սանրվածք","2026-01-29 14:48:34.357","2026-01-29 14:48:34.357"
"183","Bridal Makeup","Свадебный макияж","Հարսանեկան շպար","Wedding makeup","Свадебный макияж","Հարսանեկան շպար","2026-01-29 14:48:34.357","2026-01-29 14:48:34.357"
"184","Oil Change","Замена масла","յուղ փոփոխություն","Change engine oil","Замена моторного масла","Մոտորի ձեթի փոփոխություն","2026-01-29 14:50:21.445","2026-01-29 14:50:21.445"
"185","Brake Pad Replacement","Замена тормозных колодок","Ազդանշանի բեռնակների փոխարինում","Replace brake pads","Замена тормозных колодок","Ազդանշանի բեռնակների փոխարինում","2026-01-29 14:50:21.445","2026-01-29 14:50:21.445"
"186","Brake Fluid Change","Замена тормозной жидкости","Ազդանշանի հեղուկի փոփոխություն","Change brake fluid","Замена тормозной жидкости","Ազդանշանի հեղուկի փոփոխություն","2026-01-29 14:50:21.445","2026-01-29 14:50:21.445"
"187","Tire Replacement","Замена шин","Երկարող/Փոխարինման անվադող","Replace tires","Замена шин","Անվադողերի փոխարինում","2026-01-29 14:50:21.445","2026-01-29 14:50:21.445"
"188","Tire Rotation","Поворот шин","Անվադողերի պտույտ","Rotate tires","Поворот шин","Անվադողերի պտույտ","2026-01-29 14:50:21.445","2026-01-29 14:50:21.445"
"189","Wheel Alignment","Развал-схождение","Բաժանման տեղադրում","Align wheels","Развал-схождение","Բաժանման տեղադրում","2026-01-29 14:50:21.445","2026-01-29 14:50:21.445"
"190","Battery Replacement","Замена аккумулятора","Մարտկոցի փոխարինում","Replace battery","Замена аккумулятора","Մարտկոցի փոխարինում","2026-01-29 14:50:21.445","2026-01-29 14:50:21.445"
"191","Car Wash","Мойка машины","Մեքենայի լվացում","Wash car","Мойка машины","Մեքենայի լվացում","2026-01-29 14:50:21.445","2026-01-29 14:50:21.445"
"192","Interior Cleaning","Чистка салона","Ներքին մաքրում","Clean interior","Чистка салона","Ներքին մաքրում","2026-01-29 14:50:21.445","2026-01-29 14:50:21.445"
"193","Engine Diagnostics","Диагностика двигателя","Շարժիչի ախտորոշում","Engine check","Диагностика двигателя","Շարժիչի ախտորոշում","2026-01-29 14:50:21.445","2026-01-29 14:50:21.445"
"194","Air Filter Replacement","Замена воздушного фильтра","Օդային ֆիլտրի փոխարինում","Replace air filter","Замена воздушного фильтра","Օդային ֆիլտրի փոխարինում","2026-01-29 14:50:21.445","2026-01-29 14:50:21.445"
"195","Oil Filter Replacement","Замена масляного фильтра","Ձեթի ֆիլտրի փոխարինում","Replace oil filter","Замена масляного фильтра","Ձեթի ֆիլտրի փոխարինում","2026-01-29 14:50:21.445","2026-01-29 14:50:21.445"
"196","Coolant Replacement","Замена охлаждающей жидкости","Թարմացնող հեղուկի փոխարինում","Replace coolant","Замена охлаждающей жидкости","Թարմացնող հեղուկի փոխարինում","2026-01-29 14:50:21.445","2026-01-29 14:50:21.445"
"197","Transmission Fluid Change","Замена трансмиссионной жидкости","Անցման հեղուկի փոփոխություն","Change transmission fluid","Замена трансмиссионной жидкости","Անցման հեղուկի փոփոխություն","2026-01-29 14:50:21.445","2026-01-29 14:50:21.445"
"198","Spark Plug Replacement","Замена свечей зажигания","Հրթռակների փոխարինում","Replace spark plugs","Замена свечей зажигания","Հրթռակների փոխարինում","2026-01-29 14:50:21.445","2026-01-29 14:50:21.445"
"199","Headlight Replacement","Замена фар","Գլխային լուսարձակների փոխարինում","Replace headlights","Замена фар","Գլխային լուսարձակների փոխարինում","2026-01-29 14:50:21.445","2026-01-29 14:50:21.445"
"200","Tail Light Replacement","Замена задних фонарей","Փոխարինում հետևի լույսերի","Replace tail lights","Замена задних фонарей","Փոխարինում հետևի լույսերի","2026-01-29 14:50:21.445","2026-01-29 14:50:21.445"
"201","Windshield Repair","Ремонт лобового стекла","Մառախուղի ապակու նորոգում","Repair windshield","Ремонт лобового стекла","Մառախուղի ապակու նորոգում","2026-01-29 14:50:21.445","2026-01-29 14:50:21.445"
"202","Windshield Replacement","Замена лобового стекла","Մառախուղի ապակու փոխարինում","Replace windshield","Замена лобового стекла","Մառախուղի ապակու փոխարինում","2026-01-29 14:50:21.445","2026-01-29 14:50:21.445"
"203","Wiper Replacement","Замена дворников","Ձմեռային փչակների փոխարինում","Replace wipers","Замена дворников","Ձմեռային փչակների փոխարինում","2026-01-29 14:50:21.445","2026-01-29 14:50:21.445"
"204","AC Recharge","Заправка кондиционера","Օդ кондиցիոների լիցքավորում","Recharge AC","Заправка кондиционера","Օդ кондиցիոների լիցքավորում","2026-01-29 14:50:21.445","2026-01-29 14:50:21.445"
"205","AC Filter Replacement","Замена фильтра кондиционера","Օդ кондиցիոների ֆիլտրի փոխարինում","Replace AC filter","Замена фильтра кондиционера","Օդ кондиցիոների ֆիլտրի փոխարինում","2026-01-29 14:50:21.445","2026-01-29 14:50:21.445"
"206","AC Repair","Ремонт кондиционера","Օդ кондиցիոների նորոգում","Repair AC","Ремонт кондиционера","Օդ кондиցիոների նորոգում","2026-01-29 14:50:21.445","2026-01-29 14:50:21.445"
"207","Fuel Filter Replacement","Замена топливного фильтра","Վառելիքի ֆիլտրի փոխարինում","Replace fuel filter","Замена топливного фильтра","Վառելիքի ֆիլտրի փոխարինում","2026-01-29 14:50:21.445","2026-01-29 14:50:21.445"
"208","Timing Belt Replacement","Замена ремня ГРМ","Ժամանակային պահապանի փոխարինում","Replace timing belt","Замена ремня ГРМ","Ժամանակային պահապանի փոխարինում","2026-01-29 14:50:21.445","2026-01-29 14:50:21.445"
"209","Suspension Repair","Ремонт подвески","Զսպման համակարգի նորոգում","Fix suspension system","Ремонт подвески","Զսպման համակարգի նորոգում","2026-01-29 14:51:14.308","2026-01-29 14:51:14.308"
"210","Shock Absorber Replacement","Замена амортизаторов","Ամորտիզատորների փոխարինում","Replace shock absorbers","Замена амортизаторов","Ամորտիզատորների փոխարինում","2026-01-29 14:51:14.308","2026-01-29 14:51:14.308"
"211","Strut Replacement","Замена стоек","Պատի ամրացուցիչների փոխարինում","Replace struts","Замена стоек","Պատի ամրացուցիչների փոխարինում","2026-01-29 14:51:14.308","2026-01-29 14:51:14.308"
"212","CV Joint Replacement","Замена шарниров CV","CV համատեղ փոխարինում","Replace CV joints","Замена шарниров CV","CV համատեղի փոխարինում","2026-01-29 14:51:14.308","2026-01-29 14:51:14.308"
"213","Axle Repair","Ремонт оси","Աքսլի նորոգում","Fix axle","Ремонт оси","Աքսլի նորոգում","2026-01-29 14:51:14.308","2026-01-29 14:51:14.308"
"214","Steering System Repair","Ремонт рулевого управления","Ղեկավարման համակարգի նորոգում","Repair steering system","Ремонт рулевого управления","Ղեկավարման համակարգի նորոգում","2026-01-29 14:51:14.308","2026-01-29 14:51:14.308"
"215","Power Steering Fluid Change","Замена жидкости гидроусилителя","Էլեկտրահիդրավլիկ հեղուկի փոփոխություն","Change power steering fluid","Замена жидкости гидроусилителя","Էլեկտրահիդրավլիկ հեղուկի փոփոխություն","2026-01-29 14:51:14.308","2026-01-29 14:51:14.308"
"216","Brake Disc Replacement","Замена тормозного диска","Ազդանշանի սկավառակների փոխարինում","Replace brake discs","Замена тормозного диска","Ազդանշանի սկավառակների փոխարինում","2026-01-29 14:51:14.308","2026-01-29 14:51:14.308"
"217","Brake Caliper Replacement","Замена тормозного суппорта","Ազդանշանի կալիպերի փոխարինում","Replace brake calipers","Замена тормозного суппорта","Ազդանշանի կալիպերի փոխարինում","2026-01-29 14:51:14.308","2026-01-29 14:51:14.308"
"218","Handbrake Adjustment","Регулировка ручного тормоза","Ձեռնափակ թարմացում","Adjust handbrake","Регулировка ручного тормоза","Ձեռնափակ թարմացում","2026-01-29 14:51:14.308","2026-01-29 14:51:14.308"
"219","Engine Tune-up","Техническое обслуживание двигателя","Շարժիչի տեխնիկական սպասարկում","Tune engine for performance","Техническое обслуживание двигателя","Շարժիչի տեխնիկական սպասարկում","2026-01-29 14:51:14.308","2026-01-29 14:51:14.308"
"220","Fuel Injector Cleaning","Чистка форсунок","Վառելիքի ինյեկտորների մաքրում","Clean fuel injectors","Чистка форсунок","Վառելիքի ինյեկտորների մաքրում","2026-01-29 14:51:14.308","2026-01-29 14:51:14.308"
"221","Turbocharger Repair","Ремонт турбокомпрессора","Տուրբո չարջի նորոգում","Repair turbocharger","Ремонт турбокомпрессора","Տուրբո չարջի նորոգում","2026-01-29 14:51:14.308","2026-01-29 14:51:14.308"
"222","Radiator Replacement","Замена радиатора","Ռադիատորի փոխարինում","Replace radiator","Замена радиатора","Ռադիատորի փոխարինում","2026-01-29 14:51:14.308","2026-01-29 14:51:14.308"
"223","Water Pump Replacement","Замена водяного насоса","Ջրի պոմպի փոխարինում","Replace water pump","Замена водяного насоса","Ջրի պոմպի փոխարինում","2026-01-29 14:51:14.308","2026-01-29 14:51:14.308"
"224","Thermostat Replacement","Замена термостата","Թերմոստատի փոխարինում","Replace thermostat","Замена термостата","Թերմոստատի փոխարինում","2026-01-29 14:51:14.308","2026-01-29 14:51:14.308"
"225","Clutch Replacement","Замена сцепления","Կլուչի փոխարինում","Replace clutch","Замена сцепления","Կլուչի փոխարինում","2026-01-29 14:51:14.308","2026-01-29 14:51:14.308"
"226","Gearbox Repair","Ремонт коробки передач","Անցման տուփի նորոգում","Repair gearbox","Ремонт коробки передач","Անցման տուփի նորոգում","2026-01-29 14:51:14.308","2026-01-29 14:51:14.308"
"227","Differential Repair","Ремонт дифференциала","Դիֆերենցիալի նորոգում","Repair differential","Ремонт дифференциала","Դիֆերենցիալի նորոգում","2026-01-29 14:51:14.308","2026-01-29 14:51:14.308"
"228","Exhaust System Repair","Ремонт выхлопной системы","Ելքային համակարգի նորոգում","Repair exhaust system","Ремонт выхлопной системы","Ելքային համակարգի նորոգում","2026-01-29 14:51:14.308","2026-01-29 14:51:14.308"
"229","Muffler Replacement","Замена глушителя","Մֆլերի փոխարինում","Replace muffler","Замена глушителя","Մֆլերի փոխարինում","2026-01-29 14:51:14.308","2026-01-29 14:51:14.308"
"230","Battery Testing","Тестирование аккумулятора","Մարտկոցի թեստավորում","Test battery performance","Тестирование аккумулятора","Մարտկոցի թեստավորում","2026-01-29 14:51:14.308","2026-01-29 14:51:14.308"
"231","Alternator Repair","Ремонт генератора","Ալտերնատորի նորոգում","Repair alternator","Ремонт генератора","Ալտերնատորի նորոգում","2026-01-29 14:51:14.308","2026-01-29 14:51:14.308"
"232","Starter Motor Replacement","Замена стартера","Ստարտերի փոխարինում","Replace starter motor","Замена стартера","Ստարտերի փոխարինում","2026-01-29 14:51:14.308","2026-01-29 14:51:14.308"
"233","Car Diagnostics","Компьютерная диагностика","Ավտոմեքենայի ախտորոշում","Full car diagnostics","Компьютерная диагностика","Ավտոմեքենայի ախտորոշում","2026-01-29 14:51:14.308","2026-01-29 14:51:14.308"
"234","OBD Scanning","Сканирование OBD","OBD սկանավորում","Check engine codes","Сканирование OBD","OBD սկանավորում","2026-01-29 14:51:14.308","2026-01-29 14:51:14.308"
"235","Car Polishing","Полировка автомобиля","Մեքենայի փայլեցում","Polish car exterior","Полировка автомобиля","Մեքենայի փայլեցում","2026-01-29 14:52:14.172","2026-01-29 14:52:14.172"
"236","Paint Correction","Коррекция краски","Փրփրային ներկի շտկում","Correct paint imperfections","Коррекция краски","Ներկի շտկում","2026-01-29 14:52:14.172","2026-01-29 14:52:14.172"
"237","Scratch Removal","Удаление царапин","Սեղմումների հեռացում","Remove scratches from body","Удаление царапин","Սեղմումների հեռացում","2026-01-29 14:52:14.172","2026-01-29 14:52:14.172"
"238","Ceramic Coating","Керамическое покрытие","Կերամիկական ծածկույթ","Apply ceramic coating","Керамическое покрытие","Կերամիկական ծածկույթ","2026-01-29 14:52:14.172","2026-01-29 14:52:14.172"
"239","Car Waxing","Воск для автомобиля","Մեքենայի վաքս","Wax car exterior","Воск для автомобиля","Մեքենայի վաքս","2026-01-29 14:52:14.172","2026-01-29 14:52:14.172"
"240","Engine Bay Cleaning","Чистка моторного отсека","Շարժիչի հատվածի մաքրում","Clean engine bay","Чистка моторного отсека","Շարժիչի հատվածի մաքրում","2026-01-29 14:52:14.172","2026-01-29 14:52:14.172"
"241","Interior Vacuuming","Пылесос салона","Ներքին վակուում","Vacuum car interior","Пылесос салона","Ներքին վակուում","2026-01-29 14:52:14.172","2026-01-29 14:52:14.172"
"242","Leather Cleaning","Чистка кожи","Կաշվի մաքրում","Clean leather seats","Чистка кожи","Կաշվի մաքրում","2026-01-29 14:52:14.172","2026-01-29 14:52:14.172"
"243","Leather Conditioning","Уход за кожей","Կաշվի խնամք","Condition leather seats","Уход за кожей","Կաշվի խնամք","2026-01-29 14:52:14.172","2026-01-29 14:52:14.172"
"244","Upholstery Cleaning","Чистка обивки","Ներքին նստատեղերի մաքրում","Clean fabric seats","Чистка обивки","Ներքին նստատեղերի մաքրում","2026-01-29 14:52:14.172","2026-01-29 14:52:14.172"
"245","Carpet Shampoo","Шампунь ковров","Գորգերի շամպուն","Shampoo interior carpets","Шампунь ковров","Գորգերի շամպուն","2026-01-29 14:52:14.172","2026-01-29 14:52:14.172"
"246","Odor Removal","Удаление запаха","Հոտերի հեռացում","Remove car odors","Удаление запаха","Հոտերի հեռացում","2026-01-29 14:52:14.172","2026-01-29 14:52:14.172"
"247","Windshield Polishing","Полировка стекла","Մառախուղի ապակիի փայլեցում","Polish windshield","Полировка стекла","Մառախուղի ապակիի փայլեցում","2026-01-29 14:52:14.172","2026-01-29 14:52:14.172"
"248","Headlight Restoration","Восстановление фар","Գլխային լուսարձակների վերականգնում","Restore headlight clarity","Восстановление фар","Գլխային լուսարձակների վերականգնում","2026-01-29 14:52:14.172","2026-01-29 14:52:14.172"
"249","Glass Coating","Покрытие стекла","Ապակի ծածկույթ","Apply protective glass coating","Покрытие стекла","Ապակի ծածկույթ","2026-01-29 14:52:14.172","2026-01-29 14:52:14.172"
"250","Winter Tire Installation","Установка зимних шин","Ձմեռային անվադողերի տեղադրում","Install winter tires","Установка зимних шин","Ձմեռային անվադողերի տեղադրում","2026-01-29 14:52:14.172","2026-01-29 14:52:14.172"
"251","Summer Tire Installation","Установка летних шин","Ամառային անվադողերի տեղադրում","Install summer tires","Установка летних шин","Ամառային անվադողերի տեղադրում","2026-01-29 14:52:14.172","2026-01-29 14:52:14.172"
"252","Tire Balancing","Балансировка шин","Անվադողերի հավասարակշռում","Balance tires","Балансировка шин","Անվադողերի հավասարակշռում","2026-01-29 14:52:14.172","2026-01-29 14:52:14.172"
"253","Wheel Cleaning","Чистка дисков","Անվադողերի լվացում","Clean wheels","Чистка дисков","Անվադողերի լվացում","2026-01-29 14:52:14.172","2026-01-29 14:52:14.172"
"254","Underbody Wash","Мойка днища","Ավտոմեքենայի ստորին լվացում","Wash car underbody","Мойка днища","Ավտոմեքենայի ստորին լվացում","2026-01-29 14:52:14.172","2026-01-29 14:52:14.172"
"255","Battery Terminal Cleaning","Чистка клемм аккумулятора","Մարտկոցի տերմինալների մաքրում","Clean battery terminals","Чистка клемм аккумулятора","Մարտկոցի տերմինալների մաքրում","2026-01-29 14:52:14.172","2026-01-29 14:52:14.172"
"256","Corrosion Removal","Удаление коррозии","Կոռոզիայի հեռացում","Remove rust/corrosion","Удаление коррозии","Կոռոզիայի հեռացում","2026-01-29 14:52:14.172","2026-01-29 14:52:14.172"
"257","Fuel System Cleaning","Чистка топливной системы","Վառելիքի համակարգի մաքրում","Clean fuel system","Чистка топливной системы","Վառելիքի համակարգի մաքրում","2026-01-29 14:52:14.172","2026-01-29 14:52:14.172"
"258","ECU Tuning","Настройка ЭБУ","ECU-ի կարգավորում","Engine control unit tuning","Настройка ЭБУ","Շարժիչի կառավարման միավորի կարգավորում","2026-01-29 14:53:59.454","2026-01-29 14:53:59.454"
"259","Performance Chip Installation","Установка чипа производительности","Գործունակության չիպի տեղադրում","Install performance chip","Установка чипа производительности","Գործունակության չիպի տեղադրում","2026-01-29 14:53:59.454","2026-01-29 14:53:59.454"
"260","Turbo Upgrade","Установка турбины","Տուրբո բարձրացում","Upgrade turbocharger","Установка турбины","Տուրբո բարձրացում","2026-01-29 14:53:59.454","2026-01-29 14:53:59.454"
"261","Exhaust Upgrade","Улучшение выхлопной системы","Ելքային համակարգի բարելավում","Upgrade exhaust system","Улучшение выхлопной системы","Ելքային համակարգի բարելավում","2026-01-29 14:53:59.454","2026-01-29 14:53:59.454"
"262","Suspension Tuning","Тюнинг подвески","Զսպման համակարգի թունինգ","Tune suspension for performance","Тюнинг подвески","Զսպման համակարգի թունինգ","2026-01-29 14:53:59.454","2026-01-29 14:53:59.454"
"263","Brake Upgrade","Улучшение тормозов","Ազդանշանի բարելավում","Upgrade brake system","Улучшение тормозов","Ազդանշանի բարելավում","2026-01-29 14:53:59.454","2026-01-29 14:53:59.454"
"264","Clutch Upgrade","Улучшение сцепления","Կլուչի բարելավում","Install high-performance clutch","Улучшение сцепления","Կլուչի բարելավում","2026-01-29 14:53:59.454","2026-01-29 14:53:59.454"
"265","Car Audio Installation","Установка аудиосистемы","Աուդիո համակարգի տեղադրում","Install car audio system","Установка аудиосистемы","Աուդիո համակարգի տեղադրում","2026-01-29 14:53:59.454","2026-01-29 14:53:59.454"
"266","Subwoofer Installation","Установка сабвуфера","Սաբվուֆերի տեղադրում","Install subwoofer","Установка сабвуфера","Սաբվուֆերի տեղադրում","2026-01-29 14:53:59.454","2026-01-29 14:53:59.454"
"267","Speaker Replacement","Замена динамиков","Բարձրախոսների փոխարինում","Replace car speakers","Замена динамиков","Բարձրախոսների փոխարինում","2026-01-29 14:53:59.454","2026-01-29 14:53:59.454"
"268","Amplifier Installation","Установка усилителя","Անվահաշվի տեղադրում","Install amplifier","Установка усилителя","Անվահաշվի տեղադրում","2026-01-29 14:53:59.454","2026-01-29 14:53:59.454"
"269","Car Alarm Installation","Установка сигнализации","Ավտո ազդանշանի տեղադրում","Install car alarm system","Установка сигнализации","Ավտո ազդանշանի տեղադրում","2026-01-29 14:53:59.454","2026-01-29 14:53:59.454"
"270","GPS Tracker Installation","Установка GPS трекера","GPS հետեւորդի տեղադրում","Install GPS tracker","Установка GPS трекера","GPS հետեւորդի տեղադրում","2026-01-29 14:53:59.454","2026-01-29 14:53:59.454"
"271","LED Light Upgrade","Улучшение светодиодов","LED լույսերի բարելավում","Upgrade LED lights","Улучшение светодиодов","LED լույսերի բարելավում","2026-01-29 14:53:59.454","2026-01-29 14:53:59.454"
"272","Ambient Lighting Installation","Установка интерьерной подсветки","Ներքին լուսավորության տեղադրում","Install ambient interior lights","Установка интерьерной подсветки","Ներքին լուսավորության տեղադրում","2026-01-29 14:53:59.454","2026-01-29 14:53:59.454"
"273","Dashboard Electronics Upgrade","Апгрейд электроники панели приборов","Վահանակի էլեկտրոնիկայի թարմացում","Upgrade dashboard electronics","Апгрейд электроники панели приборов","Վահանակի էլեկտրոնիկայի թարմացում","2026-01-29 14:53:59.454","2026-01-29 14:53:59.454"
"274","OBD2 Monitoring Installation","Установка системы мониторинга OBD2","OBD2 մոնիթորինգի տեղադրում","Install OBD2 monitoring system","Установка системы мониторинга OBD2","OBD2 մոնիթորինգի տեղադրում","2026-01-29 14:53:59.454","2026-01-29 14:53:59.454"
"275","Window Tinting","Тонировка стекол","Ապակու մուգացում","Tint car windows","Тонировка стекол","Ապակու մուգացում","2026-01-29 14:53:59.454","2026-01-29 14:53:59.454"
"276","Paint Protection Film","Защитная пленка для краски","Ներկի պաշտպանիչ ֆիլմ","Apply paint protection film","Защитная пленка для краски","Ներկի պաշտպանիչ ֆիլմ","2026-01-29 14:53:59.454","2026-01-29 14:53:59.454"
"277","Vinyl Wrap","Виниловая пленка","Վինիլային ծածկույթ","Apply vinyl wrap","Виниловая пленка","Վինիլային ծածկույթ","2026-01-29 14:53:59.454","2026-01-29 14:53:59.454"
"278","Plumbing Repair","Ремонт сантехники","Վտարման աշխատանք","Fix plumbing issues","Ремонт сантехники","Վտարման աշխատանք","2026-01-29 14:54:56.824","2026-01-29 14:54:56.824"
"279","Electrical Repair","Ремонт электрооборудования","Էլեկտրական նորոգում","Fix electrical systems","Ремонт электрооборудования","Էլեկտրական նորոգում","2026-01-29 14:54:56.824","2026-01-29 14:54:56.824"
"280","Door Repair","Ремонт дверей","Դռների նորոգում","Repair doors","Ремонт дверей","Դռների նորոգում","2026-01-29 14:54:56.824","2026-01-29 14:54:56.824"
"281","Window Repair","Ремонт окон","Մանրախոտի նորոգում","Repair windows","Ремонт окон","Մանրախոտի նորոգում","2026-01-29 14:54:56.824","2026-01-29 14:54:56.824"
"282","Furniture Assembly","Сборка мебели","Կահույքի հավաքում","Assemble furniture","Сборка мебели","Կահույքի հավաքում","2026-01-29 14:54:56.824","2026-01-29 14:54:56.824"
"283","Haircut","Стрижка","Սանրվածք","Cut hair","Стрижка волос","Մազերի կտրում","2026-01-29 14:54:56.824","2026-01-29 14:54:56.824"
"284","Hair Styling","Укладка волос","Մազերի հարդարում","Style hair","Укладка волос","Մազերի հարդարում","2026-01-29 14:54:56.824","2026-01-29 14:54:56.824"
"285","Hair Coloring","Окрашивание волос","Մազերի ներկում","Color hair","Окрашивание волос","Մազերի ներկում","2026-01-29 14:54:56.824","2026-01-29 14:54:56.824"
"286","Manicure","Маникюр","Մատնահարդարում","Nail manicure","Маникюр","Մատնահարդարում","2026-01-29 14:54:56.824","2026-01-29 14:54:56.824"
"287","Pedicure","Педикюр","Ոտնահարդարում","Foot pedicure","Педикюр","Ոտնահարդարում","2026-01-29 14:54:56.824","2026-01-29 14:54:56.824"
"288","Facial Cleaning","Чистка лица","Դեմքի մաքրում","Clean facial skin","Чистка лица","Դեմքի մաքրում","2026-01-29 14:54:56.824","2026-01-29 14:54:56.824"
"289","Makeup","Макияж","Շպարում","Apply makeup","Макияж","Շպարում","2026-01-29 14:54:56.824","2026-01-29 14:54:56.824"
"290","Waxing Legs","Восковая депиляция ног","Գոտկատեղի մոմահանում","Wax leg hair","Восковая депиляция ног","Բազկաթաթի մոմահանում","2026-01-29 14:54:56.824","2026-01-29 14:54:56.824"
"291","Waxing Arms","Восковая депиляция рук","Ձեռքերի մոմահանում","Wax arm hair","Восковая депиляция рук","Ձեռքերի մոմահանում","2026-01-29 14:54:56.824","2026-01-29 14:54:56.824"
"292","Microblading","Микроблейдинг","Միկրոբլեյդինգ","Semi-permanent eyebrow tattoo","Микроблейдинг","Միկրոբլեյդինգ","2026-01-29 14:54:56.824","2026-01-29 14:54:56.824"
"293","Chemical Peel","Химический пилинг","Քիմիական պիլինգ","Chemical facial peel","Химический пилинг","Քիմիական դեմքի պիլինգ","2026-01-29 14:54:56.824","2026-01-29 14:54:56.824"
"294","Bridal Makeup","Свадебный макияж","Հարսանեկան շպար","Bridal makeup","Свадебный макияж","Հարսանեկան շպար","2026-01-29 14:54:56.824","2026-01-29 14:54:56.824"
"295","Oil Change","Замена масла","Ձեթի փոփոխություն","Change engine oil","Замена моторного масла","Մոտորի ձեթի փոփոխություն","2026-01-29 14:54:56.824","2026-01-29 14:54:56.824"
"296","Brake Pad Replacement","Замена тормозных колодок","Ազդանշանի բեռնակների փոխարինում","Replace brake pads","Замена тормозных колодок","Ազդանշանի բեռնակների փոխարինում","2026-01-29 14:54:56.824","2026-01-29 14:54:56.824"
"297","Tire Replacement","Замена шин","Փոխարինման անվադող","Replace tires","Замена шин","Անվադողերի փոխարինում","2026-01-29 14:54:56.824","2026-01-29 14:54:56.824"
"298","Battery Replacement","Замена аккумулятора","Մարտկոցի փոխարինում","Replace battery","Замена аккумулятора","Մարտկոցի փոխարինում","2026-01-29 14:54:56.824","2026-01-29 14:54:56.824"
"299","Suspension Repair","Ремонт подвески","Զսպման համակարգի նորոգում","Fix suspension system","Ремонт подвески","Զսպման համակարգի նորոգում","2026-01-29 14:54:56.824","2026-01-29 14:54:56.824"
"300","Brake Disc Replacement","Замена тормозного диска","Ազդանշանի սկավառակների փոխարինում","Replace brake discs","Замена тормозного диска","Ազդանշանի սկավառակների փոխարինում","2026-01-29 14:54:56.824","2026-01-29 14:54:56.824"
"301","Engine Tune-up","Техническое обслуживание двигателя","Շարժիչի տեխնիկական սպասարկում","Tune engine for performance","Техническое обслуживание двигателя","Շարժիչի տեխնիկական սպասարկում","2026-01-29 14:54:56.824","2026-01-29 14:54:56.824"
"302","Clutch Replacement","Замена сцепления","Կլուչի փոխարինում","Replace clutch","Замена сцепления","Կլուչի փոխարինում","2026-01-29 14:54:56.824","2026-01-29 14:54:56.824"
"303","Car Diagnostics","Компьютерная диагностика","Ավտոմեքենայի ախտորոշում","Full car diagnostics","Компьютерная диагностика","Ավտոմեքենայի ախտորոշում","2026-01-29 14:54:56.824","2026-01-29 14:54:56.824"
"304","Car Polishing","Полировка автомобиля","Մեքենայի փայլեցում","Polish car exterior","Полировка автомобиля","Մեքենայի փայլեցում","2026-01-29 14:54:56.824","2026-01-29 14:54:56.824"
"305","Interior Vacuuming","Пылесос салона","Ներքին վակուում","Vacuum car interior","Пылесос салона","Ներքին վակուում","2026-01-29 14:54:56.824","2026-01-29 14:54:56.824"
"306","Leather Cleaning","Чистка кожи","Կաշվի մաքրում","Clean leather seats","Чистка кожи","Կաշվի մաքրում","2026-01-29 14:54:56.824","2026-01-29 14:54:56.824"
"307","Window Tinting","Тонировка стекол","Ապակու մուգացում","Tint car windows","Тонировка стекол","Ապակու մուգացում","2026-01-29 14:54:56.824","2026-01-29 14:54:56.824"
"308","Paint Protection Film","Защитная пленка для краски","Ներկի պաշտպանիչ ֆիլմ","Apply paint protection film","Защитная пленка для краски","Ներկի պաշտպանիչ ֆիլմ","2026-01-29 14:54:56.824","2026-01-29 14:54:56.824"
"309","ECU Tuning","Настройка ЭБУ","ECU-ի կարգավորում","Engine control unit tuning","Настройка ЭБУ","Շարժիչի կառավարման միավորի կարգավորում","2026-01-29 14:54:56.824","2026-01-29 14:54:56.824"
"310","Turbo Upgrade","Установка турбины","Տուրբո բարձրացում","Upgrade turbocharger","Установка турбины","Տուրբո բարձրացում","2026-01-29 14:54:56.824","2026-01-29 14:54:56.824"
"311","Car Audio Installation","Установка аудиосистемы","Աուդիո համակարգի տեղադրում","Install car audio system","Установка аудиосистемы","Աուդիո համակարգի տեղադրում","2026-01-29 14:54:56.824","2026-01-29 14:54:56.824"
"312","LED Light Upgrade","Улучшение светодиодов","LED լույսերի բարելավում","Upgrade LED lights","Улучшение светодиодов","LED լույսերի բարելավում","2026-01-29 14:54:56.824","2026-01-29 14:54:56.824"
"313","Vinyl Wrap","Виниловая пленка","Վինիլային ծածկույթ","Apply vinyl wrap","Виниловая пленка","Վինիլային ծածկույթ","2026-01-29 14:54:56.824","2026-01-29 14:54:56.824"
"314","աաա","աաա","աաա",,,,"2026-02-09 11:15:34.381","2026-02-09 11:15:34.381"